{"cameraMode":{"drawMode":0,"name":"Shaded","section":"Shading Mode"},"sceneLighting":false,"audioPlay":false,"sceneViewState":{"showFog":true,"showMaterialUpdate":false,"showSkybox":false,"showFlares":true,"showImageEffects":true,"showParticleSystems":true},"in2DMode":false,"pivot":{"x":375.39605712890627,"y":357.32952880859377,"z":-14.811904907226563},"rotation":{"x":-0.26858168840408327,"y":0.3273349702358246,"z":-0.09761325269937515,"w":-0.9006596207618713},"size":469.3378601074219,"orthographic":false}